Company,Fiscal Year,Total Revenue (USD millions),Net Income (USD millions),Total Assets (USD millions),Total Liabilities (USD millions),Operating Cash Flow (USD millions)
Microsoft,2021,168088,61271,333779,191791,76740
Microsoft,2022,198270,72738,364840,198298,89035
Microsoft,2023,211915,72361,411976,205753,87582
Microsoft,2024,245122,88136,512163,243686,118548
Microsoft,2025,281724,101832,619003,275524,136162
Tesla,2021,53823,5644,62131,30548,11497
Tesla,2022,81462,12587,82338,36440,14724
Tesla,2023,96773,14997,106618,43009,13256
Tesla,2024,97690,7091,122070,48390,14923
Tesla,2025,94827,3794,137000,50000,14747
Apple,2021,365817,94680,351002,287912,104038
Apple,2022,394328,99803,352755,302083,122151
Apple,2023,383285,96995,352583,290437,110543
Apple,2024,391035,93736,364980,308030,118254
Apple,2025,416161,112010,359000,285000,111500
